<?xml version="1.0" encoding="UTF-8"?>

<arpgs>
    <mjesto id="1">
        <br>1</br>
        <ime>PathOfExile</ime>
        <godina>23-10-2013</godina>
        <opis>The player controls a single character from an overhead perspective and explores large outdoor areas and caves or dungeons, battling monsters and fulfilling quests from 
        non-player characters (NPCs) to gain experience points and equipment. The game borrows heavily from the Diablo series, particularly Diablo II, which Path of Exile has been 
        described as the spiritual successor of. All areas aside from the central encampments are procedurally generated for increased re-playability. While all players on a single 
        server can freely mingle in encampments, gameplay outside of encampments is highly instanced, providing every player or party with an isolated map to freely explore.
        Players can choose from seven available classes to play as (Duelist, Marauder, Ranger, Scion, Shadow, Templar and Witch). Each of these classes are aligned with one or two of 
        the three core attributes: Strength, Dexterity, or Intelligence. The exception is the Scion, formerly a locked prestige class released in 2013, which is aligned with all three 
        attributes. The different classes are not restricted from investing into skills not aligned with their core attributes, but will have easier access to skills that are aligned 
        with their core attributes. Items are randomly generated from a wide variety of basic types and endowed with special properties and gem sockets. They come in different 
        rarities with increasingly powerful properties. This makes a large part of gameplay dedicated to finding well-balanced and synergistic equipment. Skill gems can be placed in 
        gem sockets of armor, weapons and some types of rings, giving them an active skill. As the character advances and levels up, the equipped skill gems also gain experience,
        allowing the skills themselves to level up and increase in potency.</opis>
        <quote>"There is a fine line between consideration and hesitation. The former is wisdom the latter is fear." -Izaro</quote>
        <wikilink>https://pathofexile.fandom.com/wiki/Path_of_Exile_Wiki</wikilink>
    </mjesto>
    <mjesto id="2">
        <br>2</br>
        <ime>DiabloIV</ime>
        <godina>5-6-2023</godina>
        <opis>The core formula for the series' gameplay revolves around gradually obtaining stronger equipment by defeating increasingly difficult enemies. Enemies are fought using 
        different character class skills which can be customized by equipment and talent trees. This concept is used to progress through the story and quests. Enemies are split into 
        monster families which are defined by a theme, combat style, and their location. Each family contains different archetypes that hold different roles allowing for synergies 
        of specialty abilities between family members. To differentiate between them, they have unique silhouettes, stances and weapons.Creative director Sebastian Stepien 
        explained that the goal was to create a more "grounded" story than Diablo III. In order to achieve this, the plot revolves around the simple folk of Sanctuary rather than 
        "politics, kings, or another high-fantasy theme."The playable character's effectiveness in combat is determined by their attributes and their boosts from equipped items.
        Offensive attributes include attack and critical chance which increase damage output. Defensive stats include elemental resistance and defense which increase how much 
        damage can be taken. Diablo IV introduces three new attributes: Angelic, Demonic, and Ancestral Power. Angelic and Demonic Power alter the duration of beneficial and 
        negative effects respectively. Ancestral Power increases the chance of effects being applied to another entity. Weapons and gear have increasing rarity which are a general 
        indicator of their power. The rarest items have unique effects that alter more than just the character's parameters. Gear can be further customized with runes and runewords.
        These items allow players to upgrade selected items with additional effects. They are split into two groups: condition runes, and effect runes. Effect runes describe the 
        additional effects. Conditions runes describe the situations under which the effect runes will be active. These two items combine to form a runeword that then can be applied to
        an item. In an interview with lead game designer Joe Shely and senior producer Tiffany Wat, it was revealed that trading and crafting will be available in the game but 
        will be limited to resources outside of the most powerful items. Limited-time seasons return to the game, which alter legendary powers to shift the meta-game.</opis>
        <quote>"The dream continues to haunt me old friend. It always starts with a journey to a distant land. There I find a city in flames. Streets choked with corpses. 
        Unthinkable destruction. I witness senseless slaughter. Brother against brother. Pure hatred. And then, executions. And then suffering surrounded me until my turn comes.
        It burned my eyes. Broke my bones. I wake in terror. There's no-one left to stand against them. You think me mad, old friend. But I know these dreams. They tell of the future.
        Hell is coming, brother. Hell is coming." -Lorath Nahr</quote>
        <wikilink>https://diablo.fandom.com/wiki/Diablo_IV</wikilink>
    </mjesto>
    <mjesto id="3">
        <br>3</br>
        <ime>Wolcen:LordsOfMayhem</ime>
        <godina>13-1-2020</godina>
        <opis>In Wolcen: Lords of Mayhem, you are one of the three survivors of the slaughter of Castagath. Rescued by Grand Inquisitor Heimlock, you were drafted into the Republic’s 
        Army of the Purifiers at a very young age to be trained in the military academy and become perfect soldiers against the supernatural. You also had the chance to benefit from 
        Heimlock’s occasional advice and training, which led you and your childhood friends, Valeria and Edric, to be called the “Children of Heimlock”.Recently, the Brotherhood of Dawn
         has infiltrated the Crimson Keep, a mysterious republican fortress lost among the northern deserts known as the Red wastes. While the purpose of the attack was unclear, the 
         republican Senate voted a retaliation act against all known locations of the Brotherhood.Led by Grand Inquisitor Heimlock himself, troops are soon deployed on the Coast of 
         wrecks, near the city state of Stormfall, to terminate a camp of Brothers. You are, with your two childhood friends, part of operation Dawnbane, under the supervision of 
         Justicar Maëlys.</opis>
        <quote>"Nedostupno." -Makov Jajdek</quote>
        <wikilink>https://wolcen.wiki.fextralife.com/Wolcen+Lords+of+Mayhem</wikilink>
    </mjesto>
</arpgs>